Title,Media URL,Pinterest board,Thumbnail,Description,Link,Publish date,Keywords
"Zodiac Birthday Magazine, Comic book design",https://lively-cobbler-7b3eb5.netlify.app/pins/star-sign-birthday-magazine-comic-emma.jpg,Personalised Birthday Gift Ideas,,"A cosmic birthday magazine with their star sign, lucky crystal and a very flattering horoscope. Answer a few fun questions, add photos, and get a finished 24 page magazine about them. Instant PDF from 5 pounds, or printed and posted worldwide. A one of a kind gift from Cover Story.",https://lively-cobbler-7b3eb5.netlify.app/star-sign-birthday-magazine/comic/,2026-11-07T07:00:00,"zodiac birthday gift, astrology gift, star sign gift, birthday gift for her, crystal lover gift"
"Personalised Wedding Magazine, Comic book design",https://lively-cobbler-7b3eb5.netlify.app/pins/wedding-magazine-comic-sam-chris.jpg,Wedding and Engagement Gifts,,"A glossy magazine all about the happy couple, their story and their big day. Answer a few fun questions, add photos, and get a finished 24 page magazine about them. Instant PDF from 5 pounds, or printed and posted worldwide. A one of a kind gift from Cover Story.",https://lively-cobbler-7b3eb5.netlify.app/wedding-magazine/comic/,2026-11-07T10:00:00,"wedding gift ideas, personalised wedding gift, gift for bride and groom, wedding keepsake, unique wedding present"
"Personalised New Baby Magazine, Comic book design",https://lively-cobbler-7b3eb5.netlify.app/pins/new-baby-magazine-comic-jack.jpg,New Baby and First Birthday Gifts,,"A magazine announcing the newest, smallest and most famous member of the family. Answer a few fun questions, add photos, and get a finished 24 page magazine about them. Instant PDF from 5 pounds, or printed and posted worldwide. A one of a kind gift from Cover Story.",https://lively-cobbler-7b3eb5.netlify.app/new-baby-magazine/comic/,2026-11-07T13:00:00,"new baby gift, baby shower gift ideas, gift for new parents, baby keepsake, personalised baby gift"
"Personalised First Birthday Magazine, Comic book design",https://lively-cobbler-7b3eb5.netlify.app/pins/first-birthday-magazine-comic-ava.jpg,New Baby and First Birthday Gifts,,"A magazine celebrating the first amazing year of their life. Answer a few fun questions, add photos, and get a finished 24 page magazine about them. Instant PDF from 5 pounds, or printed and posted worldwide. A one of a kind gift from Cover Story.",https://lively-cobbler-7b3eb5.netlify.app/first-birthday-magazine/comic/,2026-11-07T15:00:00,"first birthday gift, 1st birthday ideas, first birthday keepsake, gift for one year old, baby first birthday"
"Personalised Retirement Magazine, Comic book design",https://lively-cobbler-7b3eb5.netlify.app/pins/retirement-magazine-comic-emma.jpg,"Thank You, Retirement and Graduation Gifts",,"A magazine celebrating a career, a legend and everything that comes next. Answer a few fun questions, add photos, and get a finished 24 page magazine about them. Instant PDF from 5 pounds, or printed and posted worldwide. A one of a kind gift from Cover Story.",https://lively-cobbler-7b3eb5.netlify.app/retirement-magazine/comic/,2026-11-07T18:00:00,"retirement gift ideas, personalised retirement gift, leaving gift for colleague, gift for retiring teacher, funny retirement gift"
"Personalised Graduation Magazine, Comic book design",https://lively-cobbler-7b3eb5.netlify.app/pins/graduation-magazine-comic-leo.jpg,"Thank You, Retirement and Graduation Gifts",,"A magazine celebrating the graduate, the hard work and the big future ahead. Answer a few fun questions, add photos, and get a finished 24 page magazine about them. Instant PDF from 5 pounds, or printed and posted worldwide. A one of a kind gift from Cover Story.",https://lively-cobbler-7b3eb5.netlify.app/graduation-magazine/comic/,2026-11-07T20:00:00,"graduation gift ideas, personalised graduation gift, gift for graduate, class of 2026 gift, university graduation gift"
"Personalised Teacher Thank You Magazine, Comic book design",https://lively-cobbler-7b3eb5.netlify.app/pins/teacher-magazine-comic-mr-brooks.jpg,"Thank You, Retirement and Graduation Gifts",,"A magazine thanking a wonderful teacher, made by their class. Answer a few fun questions, add photos, and get a finished 24 page magazine about them. Instant PDF from 5 pounds, or printed and posted worldwide. A one of a kind gift from Cover Story.",https://lively-cobbler-7b3eb5.netlify.app/teacher-magazine/comic/,2026-11-07T22:00:00,"teacher gift ideas, end of year teacher gift, personalised teacher gift, teacher thank you, teaching assistant gift"
"Personalised Engagement Magazine, Comic book design",https://lively-cobbler-7b3eb5.netlify.app/pins/engagement-magazine-comic-leo-ava.jpg,Wedding and Engagement Gifts,,"A magazine celebrating the proposal, the ring and the happy couple. Answer a few fun questions, add photos, and get a finished 24 page magazine about them. Instant PDF from 5 pounds, or printed and posted worldwide. A one of a kind gift from Cover Story.",https://lively-cobbler-7b3eb5.netlify.app/engagement-magazine/comic/,2026-11-08T07:00:00,"engagement gift ideas, personalised engagement gift, gift for engaged couple, engagement keepsake, just engaged gift"
"Personalised New Home Magazine, Comic book design",https://lively-cobbler-7b3eb5.netlify.app/pins/new-home-magazine-comic-leo.jpg,"Best Friend, New Home and Travel Gifts",,"A magazine celebrating new keys, a new front door and a brand new chapter. Answer a few fun questions, add photos, and get a finished 24 page magazine about them. Instant PDF from 5 pounds, or printed and posted worldwide. A one of a kind gift from Cover Story.",https://lively-cobbler-7b3eb5.netlify.app/new-home-magazine/comic/,2026-11-08T10:00:00,"housewarming gift ideas, new home gift, first home gift, personalised housewarming gift, gift for new homeowners"
"Personalised Travel Magazine, Comic book design",https://lively-cobbler-7b3eb5.netlify.app/pins/travel-magazine-comic-tokyo.jpg,"Best Friend, New Home and Travel Gifts",,"A glossy travel magazine starring your holiday, honeymoon or big adventure. Answer a few fun questions, add photos, and get a finished 24 page magazine about them. Instant PDF from 5 pounds, or printed and posted worldwide. A one of a kind gift from Cover Story.",https://lively-cobbler-7b3eb5.netlify.app/travel-magazine/comic/,2026-11-08T13:00:00,"travel keepsake, honeymoon gift, holiday memory book, personalised travel gift, gift for travel lovers"
"Personalised Valentine's Magazine, Comic book design",https://lively-cobbler-7b3eb5.netlify.app/pins/valentines-magazine-comic-ava.jpg,Anniversary and Valentine Gift Ideas,,"A romantic, funny magazine all about the love of your life. Answer a few fun questions, add photos, and get a finished 24 page magazine about them. Instant PDF from 5 pounds, or printed and posted worldwide. A one of a kind gift from Cover Story.",https://lively-cobbler-7b3eb5.netlify.app/valentines-magazine/comic/,2026-11-08T15:00:00,"valentines gift for him, valentines gift for her, romantic gift ideas, personalised valentines gift, boyfriend gift"
"Our Year in Review Magazine, Comic book design",https://lively-cobbler-7b3eb5.netlify.app/pins/year-in-review-magazine-comic-chris-emma.jpg,Gifts for Grandparents and Family,,"Your family's whole year as a glossy double issue, full of awards and best bits. Answer a few fun questions, add photos, and get a finished 24 page magazine about them. Instant PDF from 5 pounds, or printed and posted worldwide. A one of a kind gift from Cover Story.",https://lively-cobbler-7b3eb5.netlify.app/year-in-review-magazine/comic/,2026-11-08T18:00:00,"year in review ideas, family christmas gift, christmas gift for grandparents, personalised christmas gift, new year memory book"
"Family Newspaper for Grandma, Comic book design",https://lively-cobbler-7b3eb5.netlify.app/pins/grandparents-newspaper-comic-grandpa.jpg,Gifts for Grandparents and Family,,"A family newspaper full of news, jokes and photos for someone who lives far away. Answer a few fun questions, add photos, and get a finished 24 page magazine about them. Instant PDF from 5 pounds, or printed and posted worldwide. A one of a kind gift from Cover Story.",https://lively-cobbler-7b3eb5.netlify.app/grandparents-newspaper/comic/,2026-11-08T20:00:00,"gift for grandma, gift for grandparents, long distance family gift, snail mail gifts, mothers day gift from kids"
"Personalised Birthday Magazine, Comic book design",https://lively-cobbler-7b3eb5.netlify.app/pins/birthday-magazine-comic-chris.jpg,Personalised Birthday Gift Ideas,,"A glossy celebrity style magazine where the birthday star is on every page. Answer a few fun questions, add photos, and get a finished 24 page magazine about them. Instant PDF from 5 pounds, or printed and posted worldwide. A one of a kind gift from Cover Story.",https://lively-cobbler-7b3eb5.netlify.app/birthday-magazine/comic/,2026-11-08T22:00:00,"birthday magazine template, personalised birthday gift, birthday gift for her, birthday gift for him, 30th birthday ideas"
"Personalised Kids Magazine, Comic book design",https://lively-cobbler-7b3eb5.netlify.app/pins/kids-magazine-comic-mia.jpg,Personalised Birthday Gift Ideas,,"A bright, silly magazine where your child is the star, the expert and the hero. Answer a few fun questions, add photos, and get a finished 24 page magazine about them. Instant PDF from 5 pounds, or printed and posted worldwide. A one of a kind gift from Cover Story.",https://lively-cobbler-7b3eb5.netlify.app/kids-magazine/comic/,2026-11-09T07:00:00,"gift for kids, personalised gift for child, kids birthday gift, first day of school keepsake, all about me"
"Personalised Pet Magazine, Comic book design",https://lively-cobbler-7b3eb5.netlify.app/pins/pet-magazine-comic-luna.jpg,Gifts for Pet Lovers,,"A celebrity magazine starring the most famous member of the family: the pet. Answer a few fun questions, add photos, and get a finished 24 page magazine about them. Instant PDF from 5 pounds, or printed and posted worldwide. A one of a kind gift from Cover Story.",https://lively-cobbler-7b3eb5.netlify.app/pet-magazine/comic/,2026-11-09T10:00:00,"gift for dog lovers, gift for cat lovers, pet birthday ideas, personalised dog gift, dog mom gift"
"Personalised Anniversary Magazine, Comic book design",https://lively-cobbler-7b3eb5.netlify.app/pins/anniversary-magazine-comic-leo-sam.jpg,Anniversary and Valentine Gift Ideas,,"Your love story told like a magazine exclusive, from the first date to now. Answer a few fun questions, add photos, and get a finished 24 page magazine about them. Instant PDF from 5 pounds, or printed and posted worldwide. A one of a kind gift from Cover Story.",https://lively-cobbler-7b3eb5.netlify.app/anniversary-magazine/comic/,2026-11-09T13:00:00,"anniversary gift ideas, anniversary gifts for him, anniversary gifts for her, long distance relationship gift, paper anniversary gift"
"Zodiac Birthday Magazine, Comic book design",https://lively-cobbler-7b3eb5.netlify.app/pins/star-sign-birthday-magazine-comic-sam.jpg,Personalised Birthday Gift Ideas,,"A cosmic birthday magazine with their star sign, lucky crystal and a very flattering horoscope. Answer a few fun questions, add photos, and get a finished 24 page magazine about them. Instant PDF from 5 pounds, or printed and posted worldwide. A one of a kind gift from Cover Story.",https://lively-cobbler-7b3eb5.netlify.app/star-sign-birthday-magazine/comic/,2026-11-09T15:00:00,"zodiac birthday gift, astrology gift, star sign gift, birthday gift for her, crystal lover gift"
