id,title,description,link,image_link,additional_image_link,price,availability,condition,brand,product_type,custom_label_0,custom_label_1
tinyhands,"Toddler Activity Month: Printables for 2 and 3 Year Olds, Tracing, Dot Stickers, Cutting, Coloring","A month of printable activities for 2 and 3 year olds: follow the path tracing, dot sticker and dabbing pages, first snipping strips, find the same and busy scene coloring, with a plan, weekly badges and a Little Superstar certificate. Part of PrintPals Plus: try it free for 7 days, no card needed. Then $4.99 a month or $39 a year for every Plus pack. Personalized with a name, printed at home or school on US Letter or A4.",https://printpals.web.app/us/toddler-activity-month,https://printpals.web.app/pins/tinyhands.jpg,https://printpals.web.app/pins/b-tinyhands.jpg,4.99 USD,in stock,new,PrintPals,Printable learning packs for kids,Plus,tinyhands
handmonth,"Handwriting Month Workbook for Kids: 20 Daily Pages, Name Tracing, Progress Stars","The Plus edition of our free tracing sheets: a personalized 4 week handwriting workbook with 20 daily pages, a warm-up every day, a letter or word of the day, the child's name daily, weekly badges, a month plan and a certificate. Part of PrintPals Plus: try it free for 7 days, no card needed. Then $4.99 a month or $39 a year for every Plus pack. Personalized with a name, printed at home or school on US Letter or A4.",https://printpals.web.app/us/handwriting-month-workbook,https://printpals.web.app/pins/handmonth.jpg,https://printpals.web.app/pins/b-handmonth.jpg,4.99 USD,in stock,new,PrintPals,Printable learning packs for kids,Plus,handmonth
phonicsmonth,"Phonics Month for Kids: 16 Letter Sounds in 4 Weeks, Blending and First Words","The Plus edition of our free letter sounds sheets: a personalized 4 week phonics workbook. A new sound each day (s a t p, i n m d, g o c k, e u r h) with pictures, tracing and first sound puzzles, then blending real words every Friday. Part of PrintPals Plus: try it free for 7 days, no card needed. Then $4.99 a month or $39 a year for every Plus pack. Personalized with a name, printed at home or school on US Letter or A4.",https://printpals.web.app/us/phonics-month-workbook,https://printpals.web.app/pins/phonicsmonth.jpg,https://printpals.web.app/pins/b-phonicsmonth.jpg,4.99 USD,in stock,new,PrintPals,Printable learning packs for kids,Plus,phonicsmonth
mathsday,"Math a Day Workbook for Kids: 4 Weeks of Daily Math, Friday Checks, Answers","The Plus edition of our free math sheets: a personalized 4 week daily math workbook. Ten minutes a day with a warm-up, problems that get a little harder, a story problem with the child's name, Friday checks, a score tracker and answers. Part of PrintPals Plus: try it free for 7 days, no card needed. Then $4.99 a month or $39 a year for every Plus pack. Personalized with a name, printed at home or school on US Letter or A4.",https://printpals.web.app/us/maths-a-day-workbook,https://printpals.web.app/pins/mathsday.jpg,https://printpals.web.app/pins/b-mathsday.jpg,4.99 USD,in stock,new,PrintPals,Printable learning packs for kids,Plus,mathsday
timesclub,"Times Tables Club for Kids: 4 Week Times Tables Workbook, Speed Tests, Badges","The Plus edition of our free times tables sheets: a personalized 4 week club with a membership card, one table a week (learn, fill the gaps, mixed practice, story problems, Friday speed test), badges to color, answers and a Times Tables Champion certificate. Part of PrintPals Plus: try it free for 7 days, no card needed. Then $4.99 a month or $39 a year for every Plus pack. Personalized with a name, printed at home or school on US Letter or A4.",https://printpals.web.app/us/times-tables-club,https://printpals.web.app/pins/timesclub.jpg,https://printpals.web.app/pins/b-timesclub.jpg,4.99 USD,in stock,new,PrintPals,Printable learning packs for kids,Plus,timesclub
timemonth,"Telling the Time Month for Kids: 4 Weeks of Clocks, Draw the Hands, My Day","The Plus edition of our free clock worksheets: a personalized 4 week telling the time workbook. Read the clocks, draw the hands, my day in times, Friday time checks, a paper clock to make, answers and a certificate. Part of PrintPals Plus: try it free for 7 days, no card needed. Then $4.99 a month or $39 a year for every Plus pack. Personalized with a name, printed at home or school on US Letter or A4.",https://printpals.web.app/us/telling-time-month,https://printpals.web.app/pins/timemonth.jpg,https://printpals.web.app/pins/b-timemonth.jpg,4.99 USD,in stock,new,PrintPals,Printable learning packs for kids,Plus,timemonth
readmonth,"Reading Month for Kids: 16 Sight Words in 4 Weeks, Friday Stories, Word Wall","The Plus edition of our free sight word sheets and reading log: a personalized 4 week reading workbook. A new word each day to trace, write and find, a sentence to read, a story every Friday using the week's words, a word wall and a certificate. Part of PrintPals Plus: try it free for 7 days, no card needed. Then $4.99 a month or $39 a year for every Plus pack. Personalized with a name, printed at home or school on US Letter or A4.",https://printpals.web.app/us/reading-month-sight-words,https://printpals.web.app/pins/readmonth.jpg,https://printpals.web.app/pins/b-readmonth.jpg,4.99 USD,in stock,new,PrintPals,Printable learning packs for kids,Plus,readmonth
readadventure,"Reading Adventure Month: Reading Map, Daily Book Tasks, Book Reviews and Bookmarks for Kids","The Plus edition of our free reading log: a personalized 4 week reading journal with a reading map of 20 stops to the treasure, a mini book task every day, bookmarks to color, a Friday book review and a Reading Explorer award. Works with any books. Part of PrintPals Plus: try it free for 7 days, no card needed. Then $4.99 a month or $39 a year for every Plus pack. Personalized with a name, printed at home or school on US Letter or A4.",https://printpals.web.app/us/reading-adventure-month,https://printpals.web.app/pins/readadventure.jpg,https://printpals.web.app/pins/b-readadventure.jpg,4.99 USD,in stock,new,PrintPals,Printable learning packs for kids,Plus,readadventure
spellmonth,"Spelling Month Workbook: Weekly Spelling Lists, Look Say Cover Write Check, Friday Tests","The Plus edition of our free spelling sheets: a personalized 4 week spelling workbook with 6 words a week (or your own school words), look say cover write check, a word hunt, missing letters, sentences, a Friday test and a Spelling Star award. Part of PrintPals Plus: try it free for 7 days, no card needed. Then $4.99 a month or $39 a year for every Plus pack. Personalized with a name, printed at home or school on US Letter or A4.",https://printpals.web.app/us/spelling-month-workbook,https://printpals.web.app/pins/spellmonth.jpg,https://printpals.web.app/pins/b-spellmonth.jpg,4.99 USD,in stock,new,PrintPals,Printable learning packs for kids,Plus,spellmonth
sciencemonth,Science Experiments for Kids Month: 16 Easy Kitchen Experiments With Predict and Observe Pages,"The Plus edition of our free science sheets: a personalized 4 week lab book with 16 easy experiments using things from home, what you need, what to do, I think and I saw boxes, drawing space, the simple science why, Friday science reports and a Young Scientist award. Part of PrintPals Plus: try it free for 7 days, no card needed. Then $4.99 a month or $39 a year for every Plus pack. Personalized with a name, printed at home or school on US Letter or A4.",https://printpals.web.app/us/science-experiments-month,https://printpals.web.app/pins/sciencemonth.jpg,https://printpals.web.app/pins/b-sciencemonth.jpg,4.99 USD,in stock,new,PrintPals,Printable learning packs for kids,Plus,sciencemonth
calmmonth,"Calm and Happy Month for Kids: Daily Feelings Check-in, Breathing Games, Gratitude Journal","The Plus edition of our free feelings and calm sheets: a personalized 4 week well-being journal with a daily feelings check-in, a breathing game, a calm activity and a thank you, a Friday my week reflection and a Calm Champion award. Part of PrintPals Plus: try it free for 7 days, no card needed. Then $4.99 a month or $39 a year for every Plus pack. Personalized with a name, printed at home or school on US Letter or A4.",https://printpals.web.app/us/calm-and-happy-month,https://printpals.web.app/pins/calmmonth.jpg,https://printpals.web.app/pins/b-calmmonth.jpg,4.99 USD,in stock,new,PrintPals,Printable learning packs for kids,Plus,calmmonth
colourmonth,Coloring Month Book for Kids: 40 Busy Scene Coloring Pages With Daily Challenges,"The Plus edition of our free coloring pages: 40 full scene coloring pages in 8 worlds (garden, under the sea, space, town, party, fairy tale, safari and snow), a fun challenge on every page, a 40 star plan, draw your own scene, a gallery and a certificate. Part of PrintPals Plus: try it free for 7 days, no card needed. Then $4.99 a month or $39 a year for every Plus pack. Personalized with a name, printed at home or school on US Letter or A4.",https://printpals.web.app/us/colouring-month-book,https://printpals.web.app/pins/colourmonth.jpg,https://printpals.web.app/pins/b-colourmonth.jpg,4.99 USD,in stock,new,PrintPals,Printable learning packs for kids,Plus,colourmonth
puzzlemonth,"Puzzle Month Book for Kids: 20 Daily Puzzles, Mazes, Dot to Dot, Sudoku, Word Search","The Plus edition of our free puzzle makers: a personalized 4 week puzzle book with a new puzzle every day (mazes, dot to dot, spot the difference, sudoku, word search, codes and coding), a puzzle passport, answers for grown-ups and a Puzzle Master award. Part of PrintPals Plus: try it free for 7 days, no card needed. Then $4.99 a month or $39 a year for every Plus pack. Personalized with a name, printed at home or school on US Letter or A4.",https://printpals.web.app/us/puzzle-month-book,https://printpals.web.app/pins/puzzlemonth.jpg,https://printpals.web.app/pins/b-puzzlemonth.jpg,4.99 USD,in stock,new,PrintPals,Printable learning packs for kids,Plus,puzzlemonth
writemonth,Writing Month Journal for Kids: 20 Story Prompts With Word Banks and Sentence Starters,"The Plus edition of our free story writing pages: a personalized 4 week writing journal with 16 fun story prompts, a word bank and sentence starter every day, a box to draw first, a best story page every Friday and an author certificate. Part of PrintPals Plus: try it free for 7 days, no card needed. Then $4.99 a month or $39 a year for every Plus pack. Personalized with a name, printed at home or school on US Letter or A4.",https://printpals.web.app/us/writing-month-journal,https://printpals.web.app/pins/writemonth.jpg,https://printpals.web.app/pins/b-writemonth.jpg,4.99 USD,in stock,new,PrintPals,Printable learning packs for kids,Plus,writemonth
familymonth,"Family Month Organizer: Routine Charts, Chore Charts, Reward Charts and Calendar for Kids","The Plus edition of our free routine, chore and reward charts: a whole month for up to three children in one design. Month calendar, morning and bedtime routines for each child, family chore charts, star charts with weekly treats and Sunday check-ins. Part of PrintPals Plus: try it free for 7 days, no card needed. Then $4.99 a month or $39 a year for every Plus pack. Personalized with a name, printed at home or school on US Letter or A4.",https://printpals.web.app/us/family-month-organiser,https://printpals.web.app/pins/familymonth.jpg,https://printpals.web.app/pins/b-familymonth.jpg,4.99 USD,in stock,new,PrintPals,Printable learning packs for kids,Plus,familymonth
christmas,Personalized Christmas Activity Book and Advent Calendar for Kids: 24 Days of Printable Fun,"A personalized Christmas activity book with a 24 day Advent calendar: a page for every day of December with a family moment and an activity, a letter to Santa, a Nice List certificate, coloring, puzzles, gift tags, bunting and thank you notes. Part of PrintPals Plus: try it free for 7 days, no card needed. Then $4.99 a month or $39 a year for every Plus pack. Personalized with a name, printed at home or school on US Letter or A4.",https://printpals.web.app/us/christmas-advent-activity-book-for-kids,https://printpals.web.app/pins/christmas.jpg,https://printpals.web.app/pins/b-christmas.jpg,4.99 USD,in stock,new,PrintPals,Printable learning packs for kids,Plus,christmas
halloween,"Personalized Halloween Activity Pack for Kids: Friendly, Not Scary, Printable","A personalized Halloween activity pack for children aged 3 to 9: a cover with their name, coloring pages, counting, tracing, a word search, a maze, pumpkin face design, treat bag labels, bunting and a best costume award. Friendly, never scary. Part of PrintPals Plus: try it free for 7 days, no card needed. Then $4.99 a month or $39 a year for every Plus pack. Personalized with a name, printed at home or school on US Letter or A4.",https://printpals.web.app/us/halloween-activity-pack-for-kids,https://printpals.web.app/pins/halloween.jpg,https://printpals.web.app/pins/b-halloween.jpg,4.99 USD,in stock,new,PrintPals,Printable learning packs for kids,Plus,halloween
namebook,"Personalized Name Book for Kids: Every Letter of Their Name, Tracing and Affirmations","A personalized name book: every letter of your child's name gets its own page with a picture, tracing, and a special word about them, like M is for Marvelous. Ends with a name poster. Four beautiful designs. Part of PrintPals Plus: try it free for 7 days, no card needed. Then $4.99 a month or $39 a year for every Plus pack. Personalized with a name, printed at home or school on US Letter or A4.",https://printpals.web.app/us/personalised-name-book-for-kids,https://printpals.web.app/pins/namebook.jpg,https://printpals.web.app/pins/b-namebook.jpg,4.99 USD,in stock,new,PrintPals,Printable learning packs for kids,Plus,namebook
timecapsule,"Birthday Time Capsule for Kids: Printable Yearly Keepsake Book, All About Me and Interview","A personalized birthday time capsule for every year: all about me, favorite things, height and handprint, a drawing of themselves, a birthday interview, the best parts of the year, predictions for next year and a letter from you to read when they are grown up. Part of PrintPals Plus: try it free for 7 days, no card needed. Then $4.99 a month or $39 a year for every Plus pack. Personalized with a name, printed at home or school on US Letter or A4.",https://printpals.web.app/us/birthday-time-capsule-for-kids,https://printpals.web.app/pins/timecapsule.jpg,https://printpals.web.app/pins/b-timecapsule.jpg,4.99 USD,in stock,new,PrintPals,Printable learning packs for kids,Plus,timecapsule
diwali,"Personalized Diwali Activity Pack for Kids: Rangoli Coloring, Diya, Cards and Crafts","A personalized Diwali activity pack for children: new rangoli patterns to color every time, finish the rangoli, diya and lantern coloring, counting, tracing, a word search, sweet box labels, a card, bunting and a Little Light award. Part of PrintPals Plus: try it free for 7 days, no card needed. Then $4.99 a month or $39 a year for every Plus pack. Personalized with a name, printed at home or school on US Letter or A4.",https://printpals.web.app/us/diwali-activity-pack-for-kids,https://printpals.web.app/pins/diwali.jpg,https://printpals.web.app/pins/b-diwali.jpg,4.99 USD,in stock,new,PrintPals,Printable learning packs for kids,Plus,diwali
thankful,"Personalized Thanksgiving Activity Pack for Kids: Thankful Turkey, Gratitude Leaves, Place Cards","A personalized Thanksgiving and harvest activity pack for children: a thankful turkey, gratitude leaves for a thankful tree, coloring, counting, a word search, place cards for the family table, bunting and a Kind Heart award. Part of PrintPals Plus: try it free for 7 days, no card needed. Then $4.99 a month or $39 a year for every Plus pack. Personalized with a name, printed at home or school on US Letter or A4.",https://printpals.web.app/us/thanksgiving-activity-pack-for-kids,https://printpals.web.app/pins/thankful.jpg,https://printpals.web.app/pins/b-thankful.jpg,4.99 USD,in stock,new,PrintPals,Printable learning packs for kids,Plus,thankful
journal,"Personalized Journal for Kids: Printable Drawing and Writing Journal, Four Volumes to Collect","A personalized drawing and writing journal for kids, in four volumes to collect: All about my world, Nature explorer, Big dreams and Kind and brave. Ten prompts in each, a feelings check and a completion page. Part of PrintPals Plus: try it free for 7 days, no card needed. Then $4.99 a month or $39 a year for every Plus pack. Personalized with a name, printed at home or school on US Letter or A4.",https://printpals.web.app/us/kids-journal-printable,https://printpals.web.app/pins/journal.jpg,https://printpals.web.app/pins/b-journal.jpg,4.99 USD,in stock,new,PrintPals,Printable learning packs for kids,Plus,journal
easter,"Personalized Easter Activity Pack for Kids: Egg Hunt Clues, Coloring and Crafts","A personalized Easter or spring activity pack: an egg hunt around your home with 12 rhyming clue cards, decorate the eggs, coloring, counting, tracing, a word search, a maze, bunting and an Egg Hunt Champion award. Part of PrintPals Plus: try it free for 7 days, no card needed. Then $4.99 a month or $39 a year for every Plus pack. Personalized with a name, printed at home or school on US Letter or A4.",https://printpals.web.app/us/easter-activity-pack-for-kids,https://printpals.web.app/pins/easter.jpg,https://printpals.web.app/pins/b-easter.jpg,4.99 USD,in stock,new,PrintPals,Printable learning packs for kids,Plus,easter
levels,"Little Learner Levels: Printable Learning Journey, Badges and Certificates for Kids","Ten printable learning levels for children, from Pencil Pal to PrintPals Legend. Each level has five challenges, badges to color and wear, and a certificate that points to the next level. Part of PrintPals Plus: try it free for 7 days, no card needed. Then $4.99 a month or $39 a year for every Plus pack. Personalized with a name, printed at home or school on US Letter or A4.",https://printpals.web.app/us/little-learner-levels,https://printpals.web.app/pins/levels.jpg,https://printpals.web.app/pins/b-levels.jpg,4.99 USD,in stock,new,PrintPals,Printable learning packs for kids,Plus,levels
poppy,Monthly Letters for Kids From Poppy: A Printable Letter and Challenge Every Month,"A personalized letter for your child every month from Poppy, the PrintPals friend, with a seasonal challenge, a challenge page and a page to write back. Part of PrintPals Plus: try it free for 7 days, no card needed. Then $4.99 a month or $39 a year for every Plus pack. Personalized with a name, printed at home or school on US Letter or A4.",https://printpals.web.app/us/monthly-letters-from-poppy,https://printpals.web.app/pins/poppy.jpg,https://printpals.web.app/pins/b-poppy.jpg,4.99 USD,in stock,new,PrintPals,Printable learning packs for kids,Plus,poppy
handwritingbook,"Personalized Handwriting Books for Kids: Pencil Control, a to z, Capitals and Name Tracing, Four Books","A series of four personalized handwriting books: pencil control and shapes, letters a to m, letters n to z, then capitals, name writing and first sentences. Real letter shapes, numbered start dots and a certificate that leads to the next book. Part of PrintPals Plus: try it free for 7 days, no card needed. Then $4.99 a month or $39 a year for every Plus pack. Personalized with a name, printed at home or school on US Letter or A4.",https://printpals.web.app/us/handwriting-books-for-kids,https://printpals.web.app/pins/handwritingbook.jpg,https://printpals.web.app/pins/b-handwritingbook.jpg,4.99 USD,in stock,new,PrintPals,Printable learning packs for kids,Plus,handwritingbook
phonicsbook,"Personalized Phonics Books for Kids: Four Books in Teaching Order, s a t p i n and Beyond","A series of four personalized phonics books in the order schools teach: s a t p i n, then m d g o c k, then e u r h b f l, then sh ch th ng ck qu. A page for every sound, picture words, tracing, reading with sound buttons and a certificate. Part of PrintPals Plus: try it free for 7 days, no card needed. Then $4.99 a month or $39 a year for every Plus pack. Personalized with a name, printed at home or school on US Letter or A4.",https://printpals.web.app/us/phonics-books-for-kids,https://printpals.web.app/pins/phonicsbook.jpg,https://printpals.web.app/pins/b-phonicsbook.jpg,4.99 USD,in stock,new,PrintPals,Printable learning packs for kids,Plus,phonicsbook
readers,"Personalized Sight Word Readers for Kids: Printable Early Reader Books, Four Levels","A series of four personalized sight word readers: five words per book to trace, write and find, then a little story starring your child with the new words in color, and a certificate that leads to the next reader. Part of PrintPals Plus: try it free for 7 days, no card needed. Then $4.99 a month or $39 a year for every Plus pack. Personalized with a name, printed at home or school on US Letter or A4.",https://printpals.web.app/us/sight-word-readers-for-kids,https://printpals.web.app/pins/readers.jpg,https://printpals.web.app/pins/b-readers.jpg,4.99 USD,in stock,new,PrintPals,Printable learning packs for kids,Plus,readers
mathsbook,"Personalized Math Books for Kids: Counting, Adding, Numbers to 20, Times Tables, Four Books","A series of four personalized math books: counting to 10, adding and taking away, numbers to 20 and doubles, and times tables fun. Pictures, ten frames, number bonds, number lines and a certificate that leads to the next book. Part of PrintPals Plus: try it free for 7 days, no card needed. Then $4.99 a month or $39 a year for every Plus pack. Personalized with a name, printed at home or school on US Letter or A4.",https://printpals.web.app/us/maths-books-for-kids,https://printpals.web.app/pins/mathsbook.jpg,https://printpals.web.app/pins/b-mathsbook.jpg,4.99 USD,in stock,new,PrintPals,Printable learning packs for kids,Plus,mathsbook
autumnkit,"Autumn Activities for Kids: Nature Hunt, Busy Autumn Coloring Scenes, Pumpkin Math","A personalized autumn pack for October and November: an autumn nature hunt, busy autumn coloring scenes, a leaf lab, pumpkin math, buckeye counting, autumn words, an autumn diary and an Autumn Explorer award. Part of PrintPals Plus: try it free for 7 days, no card needed. Then $4.99 a month or $39 a year for every Plus pack. Personalized with a name, printed at home or school on US Letter or A4.",https://printpals.web.app/us/autumn-activity-pack-for-kids,https://printpals.web.app/pins/autumnkit.jpg,https://printpals.web.app/pins/b-autumnkit.jpg,4.99 USD,in stock,new,PrintPals,Printable learning packs for kids,Plus,autumnkit
winter,"Winter Activity Pack for Kids: Winter Bingo, Snowflake Drawing, Roll a Snowman, New Year Goals","A personalized winter activity pack for January and February: winter counting, winter words to trace, finish the snowflake, roll a snowman game, winter bingo, a cozy winter bucket list, new year goals, coloring pages and a Winter Wonder Star award. Part of PrintPals Plus: try it free for 7 days, no card needed. Then $4.99 a month or $39 a year for every Plus pack. Personalized with a name, printed at home or school on US Letter or A4.",https://printpals.web.app/us/winter-activity-pack-for-kids,https://printpals.web.app/pins/winter.jpg,https://printpals.web.app/pins/b-winter.jpg,4.99 USD,in stock,new,PrintPals,Printable learning packs for kids,Plus,winter
lunar,"Lunar New Year Activities for Kids: Zodiac Animals, Red Envelope, Paper Lantern Craft","A personalized Lunar New Year pack: the Great Race with all 12 zodiac animals, find my animal chart, a red envelope to fold, a paper lantern craft, new year wishes, lucky counting, words to trace, a lantern coloring page and a certificate. Part of PrintPals Plus: try it free for 7 days, no card needed. Then $4.99 a month or $39 a year for every Plus pack. Personalized with a name, printed at home or school on US Letter or A4.",https://printpals.web.app/us/lunar-new-year-activities-for-kids,https://printpals.web.app/pins/lunar.jpg,https://printpals.web.app/pins/b-lunar.jpg,4.99 USD,in stock,new,PrintPals,Printable learning packs for kids,Plus,lunar
kindness,"Kindness Activities for Kids: 28 Day Kindness Calendar, Love Notes, Compliment Cards","A personalized love and kindness pack for February and all year: a 28 day kindness calendar, love notes to cut out, I love you because pages, compliment cards, kindness bingo, counting, kind words, coloring and a Kindness Champion award. Part of PrintPals Plus: try it free for 7 days, no card needed. Then $4.99 a month or $39 a year for every Plus pack. Personalized with a name, printed at home or school on US Letter or A4.",https://printpals.web.app/us/kindness-activity-pack-for-kids,https://printpals.web.app/pins/kindness.jpg,https://printpals.web.app/pins/b-kindness.jpg,4.99 USD,in stock,new,PrintPals,Printable learning packs for kids,Plus,kindness
grownupbook,"All About My Mom, Dad or Grandma Printable Book: Mother's Day and Father's Day Gift From Kids","A personalized gift book children make for Mom, Dad, Grandma, Grandpa or anyone special: a portrait page, favorite things, they always say, an interview, things we love doing together, love coupons and a World's Best award. Part of PrintPals Plus: try it free for 7 days, no card needed. Then $4.99 a month or $39 a year for every Plus pack. Personalized with a name, printed at home or school on US Letter or A4.",https://printpals.web.app/us/all-about-my-mum-dad-book,https://printpals.web.app/pins/grownupbook.jpg,https://printpals.web.app/pins/b-grownupbook.jpg,4.99 USD,in stock,new,PrintPals,Printable learning packs for kids,Plus,grownupbook
dinokit,"Dinosaur Printables for Kids: Dinosaur Fact Cards, Size Chart, Counting and Maze","A personalized dinosaur activity pack: 8 dinosaur fact cards with how to say each name, a how long was it size chart, dig site counting, design your own dinosaur, dinosaur words to trace, coloring, a maze and a Junior Paleontologist award. Part of PrintPals Plus: try it free for 7 days, no card needed. Then $4.99 a month or $39 a year for every Plus pack. Personalized with a name, printed at home or school on US Letter or A4.",https://printpals.web.app/us/dinosaur-activity-pack-for-kids,https://printpals.web.app/pins/dinokit.jpg,https://printpals.web.app/pins/b-dinokit.jpg,4.99 USD,in stock,new,PrintPals,Printable learning packs for kids,Plus,dinokit
spacekit,"Space Printables for Kids: Planet Cards, Solar System Order, Constellations, Countdown","A personalized space activity pack: 8 planet fact cards, the planets in order with a rhyme to remember them, countdown number tracing, join the stars constellations, astronaut training missions, rocket coloring and a Space Cadet award. Part of PrintPals Plus: try it free for 7 days, no card needed. Then $4.99 a month or $39 a year for every Plus pack. Personalized with a name, printed at home or school on US Letter or A4.",https://printpals.web.app/us/space-activity-pack-for-kids,https://printpals.web.app/pins/spacekit.jpg,https://printpals.web.app/pins/b-spacekit.jpg,4.99 USD,in stock,new,PrintPals,Printable learning packs for kids,Plus,spacekit
oceankit,"Ocean Printables for Kids: Sea Creature Cards, Ocean Zones, Beach Bingo","A personalized ocean activity pack: 8 sea creature fact cards, the ocean zones from sunlight to the abyss, counting, tide pool and beach bingo, design a sea creature, an ocean promise, ocean words, coloring and an Ocean Explorer award. Part of PrintPals Plus: try it free for 7 days, no card needed. Then $4.99 a month or $39 a year for every Plus pack. Personalized with a name, printed at home or school on US Letter or A4.",https://printpals.web.app/us/ocean-activity-pack-for-kids,https://printpals.web.app/pins/oceankit.jpg,https://printpals.web.app/pins/b-oceankit.jpg,4.99 USD,in stock,new,PrintPals,Printable learning packs for kids,Plus,oceankit
safari,"Safari Animal Printables for Kids: Animal Fact Cards, Height Chart, Riddles, Zoo Bingo","A personalized safari activity pack: 8 safari animal fact cards, a how tall are they chart, who am I riddle cards, safari spotter bingo for the zoo, counting, design an animal, safari words, coloring and a Safari Ranger award. Part of PrintPals Plus: try it free for 7 days, no card needed. Then $4.99 a month or $39 a year for every Plus pack. Personalized with a name, printed at home or school on US Letter or A4.",https://printpals.web.app/us/safari-animals-activity-pack,https://printpals.web.app/pins/safari.jpg,https://printpals.web.app/pins/b-safari.jpg,4.99 USD,in stock,new,PrintPals,Printable learning packs for kids,Plus,safari
farm,"Farm Animal Printables for Toddlers and Preschool: Baby Animals, Animal Sounds, Farm Bingo","A personalized farm animal pack for little ones: 8 farm animal cards, match mommies and babies, who says what animal sounds, what the farm gives us, farm counting, farm bingo, farm words, coloring and a Little Farmer award. Part of PrintPals Plus: try it free for 7 days, no card needed. Then $4.99 a month or $39 a year for every Plus pack. Personalized with a name, printed at home or school on US Letter or A4.",https://printpals.web.app/us/farm-animals-activity-pack,https://printpals.web.app/pins/farm.jpg,https://printpals.web.app/pins/b-farm.jpg,4.99 USD,in stock,new,PrintPals,Printable learning packs for kids,Plus,farm
shopkit,"Pretend Play Shop Printables for Kids: Price Tags, Play Money, Shopping Lists, Receipts","A personalized pretend shop kit: a shop sign with your child's shop name, 16 price tags, play coins and notes in your currency, shopping lists, receipts, money problems and shopkeeper badges. Part of PrintPals Plus: try it free for 7 days, no card needed. Then $4.99 a month or $39 a year for every Plus pack. Personalized with a name, printed at home or school on US Letter or A4.",https://printpals.web.app/us/pretend-play-shop-printables,https://printpals.web.app/pins/shopkit.jpg,https://printpals.web.app/pins/b-shopkit.jpg,4.99 USD,in stock,new,PrintPals,Printable learning packs for kids,Plus,shopkit
pocketmoney,"Allowance Chart for Kids: Jobs That Pay, Spend, Save and Share Jars, Savings Goal Tracker","A personalized allowance month: four weekly job charts with pay per job in your currency, spend, save and share jars, a savings goal thermometer, money worksheets, talking points about money and a Money Wizard award. Part of PrintPals Plus: try it free for 7 days, no card needed. Then $4.99 a month or $39 a year for every Plus pack. Personalized with a name, printed at home or school on US Letter or A4.",https://printpals.web.app/us/pocket-money-chart-for-kids,https://printpals.web.app/pins/pocketmoney.jpg,https://printpals.web.app/pins/b-pocketmoney.jpg,4.99 USD,in stock,new,PrintPals,Printable learning packs for kids,Plus,pocketmoney
vetkit,"Pet Vet Pretend Play Printables: Vet ID Badge, Patient Cards, Check-up Forms, Prescription Pad","A personalized pet vet pretend play kit: a vet ID badge with your child's name, patient cards, check-up forms, a prescription pad, pet care checklist, a busy coloring scene and a Super Vet certificate. Part of PrintPals Plus: try it free for 7 days, no card needed. Then $4.99 a month or $39 a year for every Plus pack. Personalized with a name, printed at home or school on US Letter or A4.",https://printpals.web.app/us/pet-vet-pretend-play-kit,https://printpals.web.app/pins/vetkit.jpg,https://printpals.web.app/pins/b-vetkit.jpg,4.99 USD,in stock,new,PrintPals,Printable learning packs for kids,Plus,vetkit
petdiary,"My Pet Diary for Kids: Pet Profile, Pet Care Chart, Vet Log, Pet Owner Promise","A personalized pet diary for children with a real pet: a pet profile with a photo frame, four weeks of pet care charts, a vet and health log, a day in the life page, if my pet could talk, a pet owner promise and a Best Pet Carer award. Part of PrintPals Plus: try it free for 7 days, no card needed. Then $4.99 a month or $39 a year for every Plus pack. Personalized with a name, printed at home or school on US Letter or A4.",https://printpals.web.app/us/my-pet-diary-for-kids,https://printpals.web.app/pins/petdiary.jpg,https://printpals.web.app/pins/b-petdiary.jpg,4.99 USD,in stock,new,PrintPals,Printable learning packs for kids,Plus,petdiary
roadtrip,"Road Trip Activity Book for Kids: Car Bingo, Journey Map, Travel Games, Travel Diary","A personalized road trip book: two car bingo cards, a journey map, are we there yet? games, a license plate hunt, a maze, a travel diary, a busy coloring scene and a Super Traveler award. Part of PrintPals Plus: try it free for 7 days, no card needed. Then $4.99 a month or $39 a year for every Plus pack. Personalized with a name, printed at home or school on US Letter or A4.",https://printpals.web.app/us/road-trip-activity-book-for-kids,https://printpals.web.app/pins/roadtrip.jpg,https://printpals.web.app/pins/b-roadtrip.jpg,4.99 USD,in stock,new,PrintPals,Printable learning packs for kids,Plus,roadtrip
detective,"Detective Activities for Kids: Mystery Puzzles, Fingerprint Lab, Secret Codes, Detective ID","A personalized detective pack for kids: a detective ID badge, a fingerprint lab, secret code messages, two mysteries to solve with suspects and clues, a case notebook, detective training and a Master Detective award. Part of PrintPals Plus: try it free for 7 days, no card needed. Then $4.99 a month or $39 a year for every Plus pack. Personalized with a name, printed at home or school on US Letter or A4.",https://printpals.web.app/us/detective-activity-pack-for-kids,https://printpals.web.app/pins/detective.jpg,https://printpals.web.app/pins/b-detective.jpg,4.99 USD,in stock,new,PrintPals,Printable learning packs for kids,Plus,detective
garden,"Gardening Printables for Kids: Seed Diary, Plant Growth Chart, Parts of a Plant, Bug Hunt","A personalized gardening pack for kids: a seed diary, a plant growth chart in centimeters, parts of a plant to label, what plants need cards, a garden bug hunt, gardener jobs, garden words, coloring and a Green Thumb award. Part of PrintPals Plus: try it free for 7 days, no card needed. Then $4.99 a month or $39 a year for every Plus pack. Personalized with a name, printed at home or school on US Letter or A4.",https://printpals.web.app/us/gardening-activity-pack-for-kids,https://printpals.web.app/pins/garden.jpg,https://printpals.web.app/pins/b-garden.jpg,4.99 USD,in stock,new,PrintPals,Printable learning packs for kids,Plus,garden
superhero,"Superhero Academy Printables for Kids: Hero ID Card, Kindness Missions, Mask and Badges","A printable superhero academy pack: an official hero ID card, design your own superhero, 20 kindness and courage missions, a hero training week, a mask and badges to cut out and an Official Superhero certificate. Part of PrintPals Plus: try it free for 7 days, no card needed. Then $4.99 a month or $39 a year for every Plus pack. Personalized with a name, printed at home or school on US Letter or A4.",https://printpals.web.app/us/superhero-academy-printables,https://printpals.web.app/pins/superhero.jpg,https://printpals.web.app/pins/b-superhero.jpg,4.99 USD,in stock,new,PrintPals,Printable learning packs for kids,Plus,superhero
feelingsbook,"My Feelings Book Printable for Kids: 10 Feelings, Body Clues, Calm Ideas and Weekly Check-in","A personalized feelings book for kids: a page for each of ten feelings with what makes me feel it, how it feels in my body and things that help, a weekly feelings check-in and a Feelings Explorer award. Part of PrintPals Plus: try it free for 7 days, no card needed. Then $4.99 a month or $39 a year for every Plus pack. Personalized with a name, printed at home or school on US Letter or A4.",https://printpals.web.app/us/my-feelings-book-printable,https://printpals.web.app/pins/feelingsbook.jpg,https://printpals.web.app/pins/b-feelingsbook.jpg,4.99 USD,in stock,new,PrintPals,Printable learning packs for kids,Plus,feelingsbook
flying,"First Flight Activity Pack for Kids: Boarding Pass, Airport Bingo, Flight Log","A personalized flying activity pack for kids: boarding passes with their name and destination, a travel passport to stamp, airport and plane bingo, a window drawing and flight log, a hand luggage checklist, a coloring page, a maze and a Brave Flyer award. Part of PrintPals Plus: try it free for 7 days, no card needed. Then $4.99 a month or $39 a year for every Plus pack. Personalized with a name, printed at home or school on US Letter or A4.",https://printpals.web.app/us/kids-flying-activity-pack,https://printpals.web.app/pins/flying.jpg,https://printpals.web.app/pins/b-flying.jpg,4.99 USD,in stock,new,PrintPals,Printable learning packs for kids,Plus,flying
adventure,"Outdoor Adventure Passport for Kids: Nature Missions, Seasonal Scavenger Hunt, Bug Hunt","A printable outdoor adventure passport: 24 nature missions with stamp spaces, seasonal spotter sheets, a bug hunt log, nature bingo, cloud watching, leaf rubbing and a Nature Explorer certificate. Part of PrintPals Plus: try it free for 7 days, no card needed. Then $4.99 a month or $39 a year for every Plus pack. Personalized with a name, printed at home or school on US Letter or A4.",https://printpals.web.app/us/outdoor-adventure-passport-for-kids,https://printpals.web.app/pins/adventure.jpg,https://printpals.web.app/pins/b-adventure.jpg,4.99 USD,in stock,new,PrintPals,Printable learning packs for kids,Plus,adventure
familynight,"Family Fun Night Kit: Movie Night Tickets, Charades, Family Quiz and Bucket List Printables","A printable family fun night kit: a month of family nights, movie night tickets with your family name, a snack bar menu, 24 charades cards, a family quiz, a family bucket list and family awards. Part of PrintPals Plus: try it free for 7 days, no card needed. Then $4.99 a month or $39 a year for every Plus pack. Personalized with a name, printed at home or school on US Letter or A4.",https://printpals.web.app/us/family-fun-night-kit,https://printpals.web.app/pins/familynight.jpg,https://printpals.web.app/pins/b-familynight.jpg,4.99 USD,in stock,new,PrintPals,Printable learning packs for kids,Plus,familynight
cookbook,"Printable Cookbook for Kids: Easy Recipes With Picture Steps, Personalized","A personalized printable cookbook for kids: kitchen safety rules, eight easy recipes with ingredients and numbered steps, a rating for each recipe, a page to invent their own recipe, a shopping list and a Little Chef award. Part of PrintPals Plus: try it free for 7 days, no card needed. Then $4.99 a month or $39 a year for every Plus pack. Personalized with a name, printed at home or school on US Letter or A4.",https://printpals.web.app/us/kids-cookbook-printable,https://printpals.web.app/pins/cookbook.jpg,https://printpals.web.app/pins/b-cookbook.jpg,4.99 USD,in stock,new,PrintPals,Printable learning packs for kids,Plus,cookbook
toothfairy,"Personalized Tooth Fairy Letter and Kit: Certificate, Lost Tooth Tracker, Tooth Envelope","A personalized Tooth Fairy kit: a letter from the Tooth Fairy with your child's name, a Brave Tooth certificate, a tracker for all 20 baby teeth, tiny tooth envelopes and a note to write to the fairy. Part of PrintPals Plus: try it free for 7 days, no card needed. Then $4.99 a month or $39 a year for every Plus pack. Personalized with a name, printed at home or school on US Letter or A4.",https://printpals.web.app/us/tooth-fairy-letter-and-kit,https://printpals.web.app/pins/toothfairy.jpg,https://printpals.web.app/pins/b-toothfairy.jpg,4.99 USD,in stock,new,PrintPals,Printable learning packs for kids,Plus,toothfairy
bigsibling,"Big Sister and Big Brother Kit: New Baby Printables, Certificate, Helper Chart, All About Baby","A personalized big sister or big brother kit for when a new baby arrives: a big sibling certificate, all about my new baby, a helper chart, things I will teach the baby, a card for the baby and a family drawing page. Part of PrintPals Plus: try it free for 7 days, no card needed. Then $4.99 a month or $39 a year for every Plus pack. Personalized with a name, printed at home or school on US Letter or A4.",https://printpals.web.app/us/big-sister-big-brother-kit,https://printpals.web.app/pins/bigsibling.jpg,https://printpals.web.app/pins/b-bigsibling.jpg,4.99 USD,in stock,new,PrintPals,Printable learning packs for kids,Plus,bigsibling
treasure,"Printable Treasure Hunt Clues for Kids: Indoor or Garden, Pirate, Birthday or Fairy","A printable treasure hunt for kids with 12 rhyming clue cards for indoors or the garden, a grown-up guide, a treasure map to draw and a Treasure Hunter award. Pirate, birthday or fairy designs. Part of PrintPals Plus: try it free for 7 days, no card needed. Then $4.99 a month or $39 a year for every Plus pack. Personalized with a name, printed at home or school on US Letter or A4.",https://printpals.web.app/us/treasure-hunt-clues-for-kids,https://printpals.web.app/pins/treasure.jpg,https://printpals.web.app/pins/b-treasure.jpg,4.99 USD,in stock,new,PrintPals,Printable learning packs for kids,Plus,treasure
busters,Printable Boredom Buster Jar for Kids: 48 Screen-Free Activity Sticks,"A printable boredom buster jar for kids: 48 screen-free activity sticks in four colors (get moving, make something, quiet time, be kind) and a personalized jar label. Part of PrintPals Plus: try it free for 7 days, no card needed. Then $4.99 a month or $39 a year for every Plus pack. Personalized with a name, printed at home or school on US Letter or A4.",https://printpals.web.app/us/boredom-buster-jar-printable,https://printpals.web.app/pins/busters.jpg,https://printpals.web.app/pins/b-busters.jpg,4.99 USD,in stock,new,PrintPals,Printable learning packs for kids,Plus,busters
monthplan,Personalized Monthly Learning Plan for Kids: 4 Weeks That Grow With Your Child,"A personalized four week learning plan for your child: reading, math and fun pages with their name, getting a little harder each week, with a month chart, a weekly grown-up guide and a certificate. Part of PrintPals Plus: try it free for 7 days, no card needed. Then $4.99 a month or $39 a year for every Plus pack. Personalized with a name, printed at home or school on US Letter or A4.",https://printpals.web.app/us/monthly-learning-plan,https://printpals.web.app/pins/monthplan.jpg,https://printpals.web.app/pins/b-monthplan.jpg,4.99 USD,in stock,new,PrintPals,Printable learning packs for kids,Plus,monthplan
holidayplan,"Vacation Learning Plan for Kids: Stop the Summer Slide, 3 Days a Week","A personalized school vacation learning plan: 2, 4 or 6 weeks of short reading, math and fun pages three days a week, a vacation bucket list, a reading log and a certificate. Keeps skills fresh without spoiling the vacation. Part of PrintPals Plus: try it free for 7 days, no card needed. Then $4.99 a month or $39 a year for every Plus pack. Personalized with a name, printed at home or school on US Letter or A4.",https://printpals.web.app/us/holiday-learning-plan,https://printpals.web.app/pins/holidayplan.jpg,https://printpals.web.app/pins/b-holidayplan.jpg,4.99 USD,in stock,new,PrintPals,Printable learning packs for kids,Plus,holidayplan
activitybook,"Personalized Activity Book for Kids: Printable, With Their Name","Make a personalized activity book for your child in one click: 10 to 40 pages of mazes, dot to dot, coloring, puzzles and drawing on their favorite theme, with their name, page numbers and a certificate. Part of PrintPals Plus: try it free for 7 days, no card needed. Then $4.99 a month or $39 a year for every Plus pack. Personalized with a name, printed at home or school on US Letter or A4.",https://printpals.web.app/us/personalised-activity-book,https://printpals.web.app/pins/activitybook.jpg,https://printpals.web.app/pins/b-activitybook.jpg,4.99 USD,in stock,new,PrintPals,Printable learning packs for kids,Plus,activitybook
storybook,"Personalized Storybook for Kids: Your Child Is the Hero, Printable and Color In","A printable personalized storybook where your child is the hero: 12 pages with their name, pictures to color, a dedication page from you and a page to draw their favorite part. Part of PrintPals Plus: try it free for 7 days, no card needed. Then $4.99 a month or $39 a year for every Plus pack. Personalized with a name, printed at home or school on US Letter or A4.",https://printpals.web.app/us/personalised-storybook,https://printpals.web.app/pins/storybook.jpg,https://printpals.web.app/pins/b-storybook.jpg,4.99 USD,in stock,new,PrintPals,Printable learning packs for kids,Plus,storybook
classpack,"Class Packs for Teachers: Name Tracing, Labels, Certificates for Every Child","Paste your class list and get a personalized set for every child in one click: name tracing, desk labels, bookmarks, reward charts, a story starring each child and certificates. Part of the PrintPals teacher plan: try it free for 7 days, no card needed. Then $59 a year for every class pack. Personalized with a name, printed at home or school on US Letter or A4.",https://printpals.web.app/us/class-pack-for-teachers,https://printpals.web.app/pins/classpack.jpg,https://printpals.web.app/pins/b-classpack.jpg,59.00 USD,in stock,new,PrintPals,Teacher class packs,Teacher plan,classpack
halloweenclass,"Class Halloween Party Kit for Teachers: Pumpkin Name Tags, Bingo, Treat Bag Toppers, Costume Awards","A friendly Halloween party for your whole class: named pumpkin name tags, a party letter for families, four Halloween bingo cards, named treat bag toppers, a coloring page and a costume award for every child. Part of the PrintPals teacher plan: try it free for 7 days, no card needed. Then $59 a year for every class pack. Personalized with a name, printed at home or school on US Letter or A4.",https://printpals.web.app/us/class-halloween-party-kit,https://printpals.web.app/pins/halloweenclass.jpg,https://printpals.web.app/pins/b-halloweenclass.jpg,59.00 USD,in stock,new,PrintPals,Teacher class packs,Teacher plan,halloweenclass
bookweek,"World Book Day and Book Week Kit for Teachers: Named Bookmarks, Favorite Book Pages, Awards","Everything for Book Week or World Book Day: a letter home, a My favorite book page and a named bookmark for every child, a class reading challenge, a class book quiz and a Book Week Star award for every child. Part of the PrintPals teacher plan: try it free for 7 days, no card needed. Then $59 a year for every class pack. Personalized with a name, printed at home or school on US Letter or A4.",https://printpals.web.app/us/class-book-week-kit,https://printpals.web.app/pins/bookweek.jpg,https://printpals.web.app/pins/b-bookweek.jpg,59.00 USD,in stock,new,PrintPals,Teacher class packs,Teacher plan,bookweek
classrewards,"Classroom Reward System: Named Sticker Charts, Team Points, Reward Coupons, Star of the Week","A complete positive behavior system for your class: a named sticker chart for every child, four class teams with a points chart, reward coupons, a golden time tracker and a Star of the Week display. Part of the PrintPals teacher plan: try it free for 7 days, no card needed. Then $59 a year for every class pack. Personalized with a name, printed at home or school on US Letter or A4.",https://printpals.web.app/us/class-reward-system,https://printpals.web.app/pins/classrewards.jpg,https://printpals.web.app/pins/b-classrewards.jpg,59.00 USD,in stock,new,PrintPals,Teacher class packs,Teacher plan,classrewards
classbirthday,"Class Birthday Kit for Teachers: Named Birthday Crowns, Cards and Certificates for Every Child","Celebrate every birthday in your class all year: a named birthday crown, a card from the class and a birthday certificate for every child, a birthday balloon display and birthday star badges. Part of the PrintPals teacher plan: try it free for 7 days, no card needed. Then $59 a year for every class pack. Personalized with a name, printed at home or school on US Letter or A4.",https://printpals.web.app/us/class-birthday-kit,https://printpals.web.app/pins/classbirthday.jpg,https://printpals.web.app/pins/b-classbirthday.jpg,59.00 USD,in stock,new,PrintPals,Teacher class packs,Teacher plan,classbirthday
xmascards,"Christmas Cards for Every Child in Your Class: Named Cards From the Teacher, Cards to Make, Gift Tags","A named Christmas card from you for every child in your class, with a color-in front and a warm message inside, plus a card each child makes for their family and named gift tags. Part of the PrintPals teacher plan: try it free for 7 days, no card needed. Then $59 a year for every class pack. Personalized with a name, printed at home or school on US Letter or A4.",https://printpals.web.app/us/class-christmas-cards,https://printpals.web.app/pins/xmascards.jpg,https://printpals.web.app/pins/b-xmascards.jpg,59.00 USD,in stock,new,PrintPals,Teacher class packs,Teacher plan,xmascards
classadvent,"Class Advent Calendar for Teachers: 24 Classroom Christmas Activities, Daily Helper, Certificates","A classroom advent countdown: 24 quick Christmas activity cards, a big countdown chart with a helper of the day from your class list, helper badges and a Christmas Star certificate for every child. Part of the PrintPals teacher plan: try it free for 7 days, no card needed. Then $59 a year for every class pack. Personalized with a name, printed at home or school on US Letter or A4.",https://printpals.web.app/us/class-advent-countdown,https://printpals.web.app/pins/classadvent.jpg,https://printpals.web.app/pins/b-classadvent.jpg,59.00 USD,in stock,new,PrintPals,Teacher class packs,Teacher plan,classadvent
xmasshow,"Christmas Show and Nativity Kit for Teachers: Cast List, Role Cards, Tickets, Program, Certificates","Everything for the class Christmas show or nativity: roles shared round your class list, a cast list, a named role card for every child, tickets, a program with the whole cast, a poster, a rehearsal tracker and a Star Performer certificate for every child. Part of the PrintPals teacher plan: try it free for 7 days, no card needed. Then $59 a year for every class pack. Personalized with a name, printed at home or school on US Letter or A4.",https://printpals.web.app/us/christmas-show-kit,https://printpals.web.app/pins/xmasshow.jpg,https://printpals.web.app/pins/b-xmasshow.jpg,59.00 USD,in stock,new,PrintPals,Teacher class packs,Teacher plan,xmasshow
classcalendar,Class Calendar Christmas Gift: A Named Calendar Children Draw for Their Family,"The classic Christmas gift for families: every child gets a named calendar for the new year with a cover and twelve month pages, each with a box for their own drawing, plus a monthly drawing plan for teachers. Part of the PrintPals teacher plan: try it free for 7 days, no card needed. Then $59 a year for every class pack. Personalized with a name, printed at home or school on US Letter or A4.",https://printpals.web.app/us/class-calendar-gift,https://printpals.web.app/pins/classcalendar.jpg,https://printpals.web.app/pins/b-classcalendar.jpg,59.00 USD,in stock,new,PrintPals,Teacher class packs,Teacher plan,classcalendar
classwelcome,"Class Welcome Kit for Teachers: Desk Name Tags, Peg Labels, Class Jobs, Birthday Chart, All About Me","Back to school in one click: desk name tags with alphabet and number lines, peg and drawer labels with an animal for every child, a class birthday chart, a class jobs chart with name cards, and an All about me page for every child, all named from your class list. Part of the PrintPals teacher plan: try it free for 7 days, no card needed. Then $59 a year for every class pack. Personalized with a name, printed at home or school on US Letter or A4.",https://printpals.web.app/us/class-welcome-kit-for-teachers,https://printpals.web.app/pins/classwelcome.jpg,https://printpals.web.app/pins/b-classwelcome.jpg,59.00 USD,in stock,new,PrintPals,Teacher class packs,Teacher plan,classwelcome
readingrecords,"Class Reading Records: A Named Reading Record Book for Every Child, Class Tracker, Reading Awards","A reading record book for every child in your class: a named cover with their own animal, 8 weeks of reading logs, a class home reading tracker, 25, 50 and 100 nights of reading awards and a note for families. Part of the PrintPals teacher plan: try it free for 7 days, no card needed. Then $59 a year for every class pack. Personalized with a name, printed at home or school on US Letter or A4.",https://printpals.web.app/us/class-reading-records,https://printpals.web.app/pins/readingrecords.jpg,https://printpals.web.app/pins/b-readingrecords.jpg,59.00 USD,in stock,new,PrintPals,Teacher class packs,Teacher plan,readingrecords
phonicscheck,"Phonics Assessment Kit for Teachers: Sound Check Sheets for Every Child, Class Results Grid","A phonics assessment kit for Phase 2 or Phase 3: a sound card and tricky word card for the child, a named record sheet for every child with checkboxes for each semester, a class results grid and a Sounds Superstar award for every child. Part of the PrintPals teacher plan: try it free for 7 days, no card needed. Then $59 a year for every class pack. Personalized with a name, printed at home or school on US Letter or A4.",https://printpals.web.app/us/phonics-assessment-kit,https://printpals.web.app/pins/phonicscheck.jpg,https://printpals.web.app/pins/b-phonicscheck.jpg,59.00 USD,in stock,new,PrintPals,Teacher class packs,Teacher plan,phonicscheck
parentsevening,"Parent-Teacher Conference Kit for Teachers: Invitations, Booking Slots, Meeting Notes for Every Child","Everything for calm, organized parent-teacher conferences: an invitation letter, booking slots, a questions from home form, a meeting notes sheet for every child, next steps slips to take home and a welcome sign for your door. Part of the PrintPals teacher plan: try it free for 7 days, no card needed. Then $59 a year for every class pack. Personalized with a name, printed at home or school on US Letter or A4.",https://printpals.web.app/us/parents-evening-kit,https://printpals.web.app/pins/parentsevening.jpg,https://printpals.web.app/pins/b-parentsevening.jpg,59.00 USD,in stock,new,PrintPals,Teacher class packs,Teacher plan,parentsevening
reporthelper,"School Report Writing Helper: Comment Bank, Report Notes for Every Child, Student Voice","Write warm, personal school reports faster: a positive comment bank for attitude, reading, writing, math, friendships and next steps, a report notes page for every child with suggested openings, a student voice page and a class progress overview. Part of the PrintPals teacher plan: try it free for 7 days, no card needed. Then $59 a year for every class pack. Personalized with a name, printed at home or school on US Letter or A4.",https://printpals.web.app/us/report-writing-helper,https://printpals.web.app/pins/reporthelper.jpg,https://printpals.web.app/pins/b-reporthelper.jpg,59.00 USD,in stock,new,PrintPals,Teacher class packs,Teacher plan,reporthelper
movingup,"Moving Up Day Transition Kit for Teachers: All About Me for My New Teacher, Handover Notes","Everything for moving up to a new class: an All about me for my new teacher page for every child, handover notes per child, a class summary for next year, worries and wishes, a welcome letter and a Ready to Move Up certificate for every child. Part of the PrintPals teacher plan: try it free for 7 days, no card needed. Then $59 a year for every class pack. Personalized with a name, printed at home or school on US Letter or A4.",https://printpals.web.app/us/moving-up-transition-kit,https://printpals.web.app/pins/movingup.jpg,https://printpals.web.app/pins/b-movingup.jpg,59.00 USD,in stock,new,PrintPals,Teacher class packs,Teacher plan,movingup
classspecial,Mother's Day and Father's Day Class Kit: A Card and Mini Book for Every Child,"Mother's Day, Father's Day or Grandparents' Day for the whole class: a named card each child makes with their name inside, a mini gift book about their special person and a class checklist so every family gets their gift. Part of the PrintPals teacher plan: try it free for 7 days, no card needed. Then $59 a year for every class pack. Personalized with a name, printed at home or school on US Letter or A4.",https://printpals.web.app/us/class-mothers-day-fathers-day-cards,https://printpals.web.app/pins/classspecial.jpg,https://printpals.web.app/pins/b-classspecial.jpg,59.00 USD,in stock,new,PrintPals,Teacher class packs,Teacher plan,classspecial
morningwork,"Morning Work Month for Teachers: 20 Daily Sheets, Class Tracker, Certificates","A month of morning work for pre-K, kindergarten or grade 1: 20 daily sheets with a word to write, math, reading and drawing, a class tracker with every child's name, a math answer key and a certificate for each child. Part of the PrintPals teacher plan: try it free for 7 days, no card needed. Then $59 a year for every class pack. Personalized with a name, printed at home or school on US Letter or A4.",https://printpals.web.app/us/morning-work-month-for-teachers,https://printpals.web.app/pins/morningwork.jpg,https://printpals.web.app/pins/b-morningwork.jpg,59.00 USD,in stock,new,PrintPals,Teacher class packs,Teacher plan,morningwork
homeworkmonth,"Homework Sheets for Teachers: 4 Weekly Homework Sheets, Parent Note, Class Tracker","A month of weekly homework for kindergarten to grade 2: math, spelling words, a reading log and a fun family task on each sheet, a grown-up comment box, a note for families, a class homework tracker and an answer key. Part of the PrintPals teacher plan: try it free for 7 days, no card needed. Then $59 a year for every class pack. Personalized with a name, printed at home or school on US Letter or A4.",https://printpals.web.app/us/homework-month-for-teachers,https://printpals.web.app/pins/homeworkmonth.jpg,https://printpals.web.app/pins/b-homeworkmonth.jpg,59.00 USD,in stock,new,PrintPals,Teacher class packs,Teacher plan,homeworkmonth
classawards,"End of Year Class Awards: A Different Award for Every Child, Named","A personalized award for every child in your class, and no two the same: Kindest Friend, Super Reader, Math Wizard, Brilliant Builder and 36 more. Includes an awards list for planning the ceremony and a Star of the Week certificate. Part of the PrintPals teacher plan: try it free for 7 days, no card needed. Then $59 a year for every class pack. Personalized with a name, printed at home or school on US Letter or A4.",https://printpals.web.app/us/class-awards-for-every-child,https://printpals.web.app/pins/classawards.jpg,https://printpals.web.app/pins/b-classawards.jpg,59.00 USD,in stock,new,PrintPals,Teacher class packs,Teacher plan,classawards
coverkit,"Substitute Teacher Kit: Substitute Teacher Plans and Activities, Ready in Minutes","Everything a substitute teacher needs for a whole day: class notes, a plan for the day, a seating plan with your class names, math, writing, a puzzle, a calm coloring scene, games with no equipment, fast finisher challenges and a How did it go? note. Part of the PrintPals teacher plan: try it free for 7 days, no card needed. Then $59 a year for every class pack. Personalized with a name, printed at home or school on US Letter or A4.",https://printpals.web.app/us/cover-teacher-kit,https://printpals.web.app/pins/coverkit.jpg,https://printpals.web.app/pins/b-coverkit.jpg,59.00 USD,in stock,new,PrintPals,Teacher class packs,Teacher plan,coverkit
classseason,"Class Seasonal Books for Teachers: Personalized Christmas, Halloween, Easter and Diwali Books for Every Child","Paste your class list and get a personalized seasonal book for every child in one click: a named cover, coloring pages and a certificate. Christmas, Halloween, Diwali, Easter or spring. Part of the PrintPals teacher plan: try it free for 7 days, no card needed. Then $59 a year for every class pack. Personalized with a name, printed at home or school on US Letter or A4.",https://printpals.web.app/us/class-seasonal-books-for-teachers,https://printpals.web.app/pins/classseason.jpg,https://printpals.web.app/pins/b-classseason.jpg,59.00 USD,in stock,new,PrintPals,Teacher class packs,Teacher plan,classseason
yearbook,"End of Year Memory Book for Every Child: Personalized, With Your Message","A personalized end of year memory book for every child in your class: a named cover, a message from you, friends' signatures, what I learned, me at the start and now, and a certificate. Part of the PrintPals teacher plan: try it free for 7 days, no card needed. Then $59 a year for every class pack. Personalized with a name, printed at home or school on US Letter or A4.",https://printpals.web.app/us/end-of-year-memory-book-for-class,https://printpals.web.app/pins/yearbook.jpg,https://printpals.web.app/pins/b-yearbook.jpg,59.00 USD,in stock,new,PrintPals,Teacher class packs,Teacher plan,yearbook
displays,"Printable Classroom Displays: Birthday Chart, Class Jobs and Welcome Bunting With Names","Printable classroom displays made from your class list: a birthday chart with every child in their month, class job cards, and welcome bunting with a flag for every child. Part of the PrintPals teacher plan: try it free for 7 days, no card needed. Then $59 a year for every class pack. Personalized with a name, printed at home or school on US Letter or A4.",https://printpals.web.app/us/classroom-displays-printable,https://printpals.web.app/pins/displays.jpg,https://printpals.web.app/pins/b-displays.jpg,59.00 USD,in stock,new,PrintPals,Teacher class packs,Teacher plan,displays
